center_x,center_y,center_z,smallest_side,diagonal,area
15.499803343740096,4.060239782753298,13.09053296305595,-6.781108750817975,9.323583978344075,43.391563187703014
